filename,text,xmin,xmax,ymin,ymax,class
page-1.jpg,dock-walloper,10,20,138,45,Text
page-1.jpg,extraviolet,143,20,238,40,Text
page-1.jpg,readvocate,243,20,339,40,Text
page-1.jpg,felon,344,20,389,40,Text
page-1.jpg,speisses,394,20,467,45,Text
page-1.jpg,arborists,10,70,86,95,Text
page-1.jpg,Goiania,91,70,153,95,Text
page-1.jpg,honey-flower,158,70,272,101,Text
page-1.jpg,hardtop,277,70,343,101,Text
page-1.jpg,Anglo-French,348,70,463,101,Text
page-1.jpg,develing,10,120,154,151,Text
page-1.jpg,imaging,159,120,285,151,Text
page-1.jpg,loupe,290,120,380,151,Text
page-1.jpg,quillwort,385,120,547,151,Text
page-1.jpg,cenacle,10,170,61,191,Text
page-1.jpg,unwit,66,170,104,191,Text
page-1.jpg,imbecilely,109,170,178,195,Text
page-1.jpg,praisworthiness,183,170,291,195,Text
page-1.jpg,soffit,296,170,332,191,Text
page-1.jpg,suavity,337,170,385,195,Text
page-1.jpg,extragovernmental,10,220,231,243,Text
page-1.jpg,well-uniformed,236,220,418,239,Text
page-1.jpg,flyless,10,270,65,291,Text
page-1.jpg,poulticed,70,270,150,291,Text
page-1.jpg,parallelometer,155,270,281,291,Text
page-1.jpg,wonderberries,286,270,409,287,Text
page-1.jpg,free-burning,10,320,62,336,Text
page-1.jpg,estimably,67,320,107,335,Text
page-1.jpg,deliquate,112,320,150,335,Text
page-1.jpg,planed,155,320,183,335,Text
page-1.jpg,noughtiness,188,320,237,336,Text
page-1.jpg,unwrest,242,320,274,333,Text
page-1.jpg,Scenopinidae,10,370,129,395,Text
page-1.jpg,gobbledegook,134,370,260,395,Text
page-1.jpg,jordanians,265,370,359,395,Text
page-1.jpg,venie,364,370,412,390,Text
page-1.jpg,transportableness,10,420,163,436,Text
page-1.jpg,Hawkinsville,168,420,276,433,Text
page-1.jpg,oversorrowful,281,420,398,433,Text
page-1.jpg,uptend,10,470,82,507,Text
page-1.jpg,dezincing,87,470,183,507,Text
page-1.jpg,unstableness,188,470,323,500,Text
page-1.jpg,excludes,328,470,416,500,Text
page-1.jpg,Anchistopoda,10,520,110,547,Text
page-1.jpg,hybern-,115,520,175,547,Text
page-1.jpg,sussultorial,180,520,269,542,Text
page-1.jpg,Gigle,274,520,311,547,Text
page-1.jpg,abrachias,316,520,388,542,Text
page-1.jpg,tollmaster,393,520,473,542,Text
page-1.jpg,stainers,10,570,76,587,Text
page-1.jpg,iliocostal,81,570,156,587,Text
page-1.jpg,Nilsson,161,570,224,587,Text
page-1.jpg,Nureyev,229,570,302,591,Text
page-1.jpg,arrased,307,570,370,587,Text
page-1.jpg,chuffs,375,570,428,587,Text
page-1.jpg,spermary,10,620,85,641,Text
page-1.jpg,Kelila,90,620,134,637,Text
page-1.jpg,jimmied,139,620,202,641,Text
page-1.jpg,Isidorean,207,620,281,637,Text
page-1.jpg,lawfully,286,620,345,641,Text
page-1.jpg,sitarist,350,620,402,637,Text
page-1.jpg,achroacyte,10,670,70,683,Text
page-1.jpg,babassus,75,670,128,681,Text
page-1.jpg,semigala,133,670,183,683,Text
page-1.jpg,toppingly,188,670,238,683,Text
page-1.jpg,endocoele,243,670,301,681,Text
page-1.jpg,high-reaching,306,670,382,683,Text
page-1.jpg,blepharostenosis,10,720,181,748,Text
page-1.jpg,grunts,186,720,250,748,Text
page-1.jpg,wispiest,255,720,338,748,Text
page-1.jpg,subendymal,343,720,466,748,Text
page-1.jpg,tumbler,10,770,60,784,Text
page-1.jpg,hydrophobist,65,770,150,787,Text
page-1.jpg,Rikari,155,770,193,784,Text
page-1.jpg,studdingsail,198,770,275,787,Text
page-1.jpg,electroretinographic,280,770,408,787,Text
page-2.jpg,unideographical,10,20,145,36,Text
page-2.jpg,miscensuring,150,20,258,36,Text
page-2.jpg,dearie,263,20,317,33,Text
page-2.jpg,Edenton,322,20,385,33,Text
page-2.jpg,repreparation,390,20,507,36,Text
page-2.jpg,Hyalospongia,10,70,126,91,Text
page-2.jpg,spindle-cell,131,70,232,91,Text
page-2.jpg,predecide,237,70,323,91,Text
page-2.jpg,unmercifulness,328,70,460,87,Text
page-2.jpg,nonballoting,10,120,184,156,Text
page-2.jpg,anticipatory,189,120,352,156,Text
page-2.jpg,mullocks,357,120,484,150,Text
page-2.jpg,freezes,10,170,54,184,Text
page-2.jpg,taistril,59,170,97,184,Text
page-2.jpg,decorously,102,170,171,187,Text
page-2.jpg,cumbent,176,170,231,184,Text
page-2.jpg,innocent,236,170,291,184,Text
page-2.jpg,strife-stirring,296,170,376,187,Text
page-2.jpg,acrostically,10,220,126,246,Text
page-2.jpg,Wareham,131,220,232,241,Text
page-2.jpg,letter,237,220,291,241,Text
page-2.jpg,trifling,296,220,361,246,Text
page-2.jpg,unmiraculously,366,220,523,246,Text
page-2.jpg,laissez,10,270,70,289,Text
page-2.jpg,dirempt,75,270,142,293,Text
page-2.jpg,Winograd,147,270,232,293,Text
page-2.jpg,fixation,237,270,300,289,Text
page-2.jpg,raisin,305,270,352,289,Text
page-2.jpg,asepticized,357,270,456,293,Text
page-2.jpg,cosmographical,10,320,108,332,Text
page-2.jpg,dietetically,113,320,197,332,Text
page-2.jpg,P3,202,320,216,330,Text
page-2.jpg,Hiwassee,221,320,277,330,Text
page-2.jpg,poplars,282,320,331,332,Text
page-2.jpg,unfemininely,336,320,420,332,Text
page-2.jpg,camomile,10,370,87,387,Text
page-2.jpg,errants,92,370,148,387,Text
page-2.jpg,ringing,153,370,207,391,Text
page-2.jpg,stereophony,212,370,311,391,Text
page-2.jpg,hardiesse,316,370,394,387,Text
page-2.jpg,close-shaven,399,370,505,387,Text
page-2.jpg,pursier,10,420,82,448,Text
page-2.jpg,Gorki,87,420,146,443,Text
page-2.jpg,jibba,151,420,205,448,Text
page-2.jpg,duodedenums,210,420,352,443,Text
page-2.jpg,airboat,357,420,427,443,Text
page-2.jpg,sarcophagous,10,470,173,503,Text
page-2.jpg,supple-limbed,178,470,349,503,Text
page-2.jpg,implementations,354,470,551,503,Text
page-2.jpg,oxyntic,10,520,115,546,Text
page-2.jpg,dunniewassel,120,520,300,541,Text
page-2.jpg,Sofronia,305,520,425,541,Text
page-2.jpg,violet-red,10,570,93,587,Text
page-2.jpg,Emmalyn,98,570,179,591,Text
page-2.jpg,Epicurean,184,570,269,591,Text
page-2.jpg,enjoyableness,274,570,398,591,Text
page-2.jpg,spiegels,10,620,60,637,Text
page-2.jpg,satyriasis,65,620,122,637,Text
page-2.jpg,monition,127,620,183,634,Text
page-2.jpg,autotruck,188,620,247,634,Text
page-2.jpg,medullar,252,620,308,634,Text
page-2.jpg,nonextensiveness,313,620,423,634,Text
page-2.jpg,Tamils,10,670,99,698,Text
page-2.jpg,nonobservances,104,670,327,698,Text
page-2.jpg,ratters,332,670,417,698,Text
page-2.jpg,purrel,10,720,88,754,Text
page-2.jpg,bifara,93,720,169,748,Text
page-2.jpg,snabbie,174,720,281,748,Text
page-2.jpg,archesporia,286,720,445,754,Text
page-2.jpg,self-propeller,10,770,125,793,Text
page-2.jpg,Gadsden,130,770,211,789,Text
page-2.jpg,parallelizing,216,770,319,793,Text
page-2.jpg,cinquanter,324,770,417,793,Text
page-3.jpg,acichlorid,10,20,139,48,Text
page-3.jpg,cheering,144,20,261,54,Text
page-3.jpg,finlike,266,20,344,48,Text
page-3.jpg,chrysalid,349,20,469,54,Text
page-3.jpg,pleural,10,70,109,106,Text
page-3.jpg,Phascum,114,70,243,100,Text
page-3.jpg,chimars,248,70,358,100,Text
page-3.jpg,two-pronged,363,70,549,106,Text
page-3.jpg,Ellissa,10,120,74,140,Text
page-3.jpg,Madura,79,120,152,140,Text
page-3.jpg,nonauthentic,157,120,281,140,Text
page-3.jpg,godfathers,286,120,388,144,Text
page-3.jpg,alimentariness,393,120,533,140,Text
page-3.jpg,pre-expansion,10,170,101,193,Text
page-3.jpg,Wrentham,106,170,170,189,Text
page-3.jpg,moonman,175,170,238,189,Text
page-3.jpg,berberid,243,170,296,189,Text
page-3.jpg,endopleural,301,170,376,193,Text
page-3.jpg,noncontraction,381,170,475,189,Text
page-3.jpg,AUX,10,220,43,234,Text
page-3.jpg,tholeiitic,48,220,102,234,Text
page-3.jpg,unscandalised,107,220,195,234,Text
page-3.jpg,Anglo-soviet,200,220,282,237,Text
page-3.jpg,thermotactic,287,220,364,234,Text
page-3.jpg,rummes,369,220,419,234,Text
page-3.jpg,incoexistence,10,270,244,295,Text
page-3.jpg,bullishly,249,270,411,301,Text
page-3.jpg,counterband,10,320,61,333,Text
page-3.jpg,guerdons,66,320,105,336,Text
page-3.jpg,tetragram,110,320,152,336,Text
page-3.jpg,Justicz,157,320,184,333,Text
page-3.jpg,Warms,189,320,218,333,Text
page-3.jpg,Raynell,223,320,255,335,Text
page-3.jpg,unreprovable,10,370,149,396,Text
page-3.jpg,cloggier,154,370,239,396,Text
page-3.jpg,diplocephalus,244,370,390,396,Text
page-3.jpg,precurtain,395,370,500,396,Text
page-3.jpg,osteoscope,10,420,79,437,Text
page-3.jpg,coatrack,84,420,137,434,Text
page-3.jpg,jerkins,142,420,186,437,Text
page-3.jpg,gasoliers,191,420,246,437,Text
page-3.jpg,demulcent,251,420,317,434,Text
page-3.jpg,unsuspectful,322,420,401,437,Text
page-3.jpg,unwhipped,10,470,158,504,Text
page-3.jpg,hakims,163,470,259,498,Text
page-3.jpg,prairillon,264,470,380,504,Text
page-3.jpg,Sybaris,385,470,486,504,Text
page-3.jpg,poucey,10,520,45,534,Text
page-3.jpg,stomachable,50,520,108,531,Text
page-3.jpg,Nidorf,113,520,148,532,Text
page-3.jpg,Xe,153,520,167,531,Text
page-3.jpg,lophosteon,172,520,224,534,Text
page-3.jpg,barometrical,229,520,289,531,Text
page-3.jpg,butterflies,10,570,73,584,Text
page-3.jpg,orphaned,78,570,137,587,Text
page-3.jpg,hydrophane,142,570,217,587,Text
page-3.jpg,protyles,222,570,273,587,Text
page-3.jpg,mamelon,278,570,336,584,Text
page-3.jpg,bibliog,341,570,386,587,Text
page-3.jpg,ironies,10,620,136,645,Text
page-3.jpg,aphtha,141,620,249,651,Text
page-3.jpg,graylag,254,620,380,651,Text
page-3.jpg,muncupate,385,620,547,651,Text
page-3.jpg,rootages,10,670,80,691,Text
page-3.jpg,Jacintha,85,670,152,687,Text
page-3.jpg,callipering,157,670,238,691,Text
page-3.jpg,bacteriopsonin,243,670,360,691,Text
page-3.jpg,squelchier,365,670,448,691,Text
page-3.jpg,falteringly,10,720,88,747,Text
page-3.jpg,agamis,93,720,147,747,Text
page-3.jpg,HHD,152,720,185,742,Text
page-3.jpg,acquires,190,720,254,747,Text
page-3.jpg,food-productive,259,720,379,747,Text
page-3.jpg,alphabetizer,384,720,479,747,Text
page-3.jpg,unstampeded,10,770,125,801,Text
page-3.jpg,Aryanising,130,770,219,801,Text
page-3.jpg,readout,224,770,290,795,Text
page-3.jpg,bandfile,295,770,363,795,Text
page-3.jpg,re-reply,368,770,437,801,Text
page-4.jpg,Botocudo,10,20,72,34,Text
page-4.jpg,coordinates,77,20,153,34,Text
page-4.jpg,screenplays,158,20,238,37,Text
page-4.jpg,truthify,243,20,287,37,Text
page-4.jpg,resolution,292,20,355,34,Text
page-4.jpg,Erida,360,20,394,34,Text
page-4.jpg,toshes,10,70,76,85,Text
page-4.jpg,anti-infallibilist,81,70,279,85,Text
page-4.jpg,Fredkin,284,70,361,85,Text
page-4.jpg,doubt-troubled,366,70,520,85,Text
page-4.jpg,otolaryngologist,10,120,178,146,Text
page-4.jpg,piscicapture,183,120,309,146,Text
page-4.jpg,unincreased,314,120,441,141,Text
page-4.jpg,mismatched,10,170,173,198,Text
page-4.jpg,gibli,178,170,233,204,Text
page-4.jpg,vice-viceroy,238,170,398,204,Text
page-4.jpg,foresides,10,220,118,237,Text
page-4.jpg,aubergiste,123,220,243,241,Text
page-4.jpg,nonrudimentary,248,220,416,241,Text
page-4.jpg,natation,10,270,54,281,Text
page-4.jpg,unraided,59,270,108,281,Text
page-4.jpg,baldricwise,113,270,175,281,Text
page-4.jpg,tobacconist,180,270,243,281,Text
page-4.jpg,copper-alloyed,248,270,330,283,Text
page-4.jpg,Sacks,335,270,368,281,Text
page-4.jpg,sulkiest,10,320,67,342,Text
page-4.jpg,nomographically,72,320,197,347,Text
page-4.jpg,zonesthesia,202,320,292,342,Text
page-4.jpg,exemplified,297,320,384,347,Text
page-4.jpg,premeditators,389,320,496,347,Text
page-4.jpg,distraughtly,10,370,166,393,Text
page-4.jpg,rich-glittering,171,370,366,393,Text
page-4.jpg,underthing,371,370,501,393,Text
page-4.jpg,nondeclaratory,10,420,221,456,Text
page-4.jpg,djins,226,420,291,455,Text
page-4.jpg,clubbing,296,420,419,456,Text
page-4.jpg,autogeneal,10,470,143,499,Text
page-4.jpg,Cancer,148,470,232,494,Text
page-4.jpg,Melonie,237,470,331,494,Text
page-4.jpg,cootch,336,470,417,494,Text
page-4.jpg,paleontological,10,520,191,549,Text
page-4.jpg,pupillate,196,520,297,549,Text
page-4.jpg,Indo-teutonic,302,520,460,544,Text
page-4.jpg,Lacedaemonian,10,570,127,583,Text
page-4.jpg,milligal,132,570,204,586,Text
page-4.jpg,fraileros,209,570,290,583,Text
page-4.jpg,obtunding,295,570,376,586,Text
page-4.jpg,Erotes,381,570,435,583,Text
page-4.jpg,lomonite,10,620,65,634,Text
page-4.jpg,demiman,70,620,131,634,Text
page-4.jpg,goggle-eye,136,620,208,637,Text
page-4.jpg,readjourning,213,620,293,637,Text
page-4.jpg,elenctic,298,620,348,634,Text
page-4.jpg,dhourra,353,620,403,634,Text
page-4.jpg,preferring,10,670,74,693,Text
page-4.jpg,cock-match,79,670,150,689,Text
page-4.jpg,Simionato,155,670,217,689,Text
page-4.jpg,redskins,222,670,274,689,Text
page-4.jpg,smart-money,279,670,365,693,Text
page-4.jpg,two-bushel,370,670,442,689,Text
page-4.jpg,Sciara,10,720,81,744,Text
page-4.jpg,serails,86,720,160,744,Text
page-4.jpg,heartstrings,165,720,302,749,Text
page-4.jpg,Betthel,307,720,392,744,Text
page-4.jpg,bilbo,397,720,454,744,Text
page-4.jpg,donec,10,770,79,793,Text
page-4.jpg,self-strength,84,770,223,798,Text
page-4.jpg,Aesir,228,770,288,793,Text
page-4.jpg,matchbox,293,770,403,793,Text
page-5.jpg,polyphonist,10,20,139,48,Text
page-5.jpg,funestal,144,20,233,43,Text
page-5.jpg,minutiously,238,20,366,48,Text
page-5.jpg,decadence,371,20,495,43,Text
page-5.jpg,suddle,10,70,63,87,Text
page-5.jpg,achiotes,68,70,135,87,Text
page-5.jpg,overpsychologizing,140,70,293,91,Text
page-5.jpg,archducal,298,70,376,87,Text
page-5.jpg,restlessness,381,70,481,87,Text
page-5.jpg,world-ridden,10,120,154,137,Text
page-5.jpg,Khowar,159,120,231,137,Text
page-5.jpg,tenonostosis,236,120,380,137,Text
page-5.jpg,omniparent,385,120,505,141,Text
page-5.jpg,DMZ,10,170,65,193,Text
page-5.jpg,mulm,70,170,129,193,Text
page-5.jpg,dacryocystoblennorrhea,134,170,379,198,Text
page-5.jpg,Chozar,384,170,458,193,Text
page-5.jpg,enouncing,10,220,101,243,Text
page-5.jpg,evicted,106,220,169,239,Text
page-5.jpg,microbiophobia,174,220,308,243,Text
page-5.jpg,resilia,313,220,364,239,Text
page-5.jpg,Aveiro,369,220,426,239,Text
page-5.jpg,semisentimental,10,270,165,289,Text
page-5.jpg,acrisia,170,270,228,289,Text
page-5.jpg,white-churned,233,270,370,289,Text
page-5.jpg,proventriculi,375,270,491,293,Text
page-5.jpg,crosshauling,10,320,153,348,Text
page-5.jpg,epigrammatical,158,320,330,348,Text
page-5.jpg,epigrammatical,335,320,507,348,Text
page-5.jpg,domineeringly,10,370,179,393,Text
page-5.jpg,Kimberlee,184,370,301,389,Text
page-5.jpg,hapax,306,370,371,393,Text
page-5.jpg,cyanidrosis,376,370,519,393,Text
page-5.jpg,excentricity,10,420,95,441,Text
page-5.jpg,stone-edged,100,420,188,441,Text
page-5.jpg,red-footed,193,420,269,437,Text
page-5.jpg,broadwives,274,420,358,437,Text
page-5.jpg,hurlings,363,420,422,441,Text
page-5.jpg,transflux,10,470,56,481,Text
page-5.jpg,malac-,61,470,98,481,Text
page-5.jpg,Eglamore,103,470,156,483,Text
page-5.jpg,squidded,161,470,212,483,Text
page-5.jpg,adenosis,217,470,267,481,Text
page-5.jpg,back-surging,272,470,343,483,Text
page-5.jpg,Hoskinston,10,520,140,539,Text
page-5.jpg,Maker,145,520,210,539,Text
page-5.jpg,carnate,215,520,306,539,Text
page-5.jpg,D.C.M.,311,520,389,539,Text
page-5.jpg,buff-breasted,394,520,563,539,Text
page-5.jpg,Fairbanks,10,570,76,585,Text
page-5.jpg,baggala,81,570,136,588,Text
page-5.jpg,strong-smelling,141,570,250,588,Text
page-5.jpg,decorations,255,570,336,585,Text
page-5.jpg,milliner,341,570,393,585,Text
page-5.jpg,incommensurately,398,570,528,588,Text
page-5.jpg,withstandingness,10,620,212,649,Text
page-5.jpg,unproposed,217,620,359,649,Text
page-5.jpg,premaking,364,620,488,649,Text
page-5.jpg,hurriedly,10,670,93,694,Text
page-5.jpg,masslessness,98,670,235,690,Text
page-5.jpg,unswallowed,240,670,365,690,Text
page-5.jpg,TAT,370,670,411,690,Text
page-5.jpg,boccarella,10,720,118,741,Text
page-5.jpg,cholinolytic,123,720,240,746,Text
page-5.jpg,remilitarize,245,720,358,741,Text
page-5.jpg,mont-de-pit,363,720,488,746,Text
page-5.jpg,full-time,10,770,86,795,Text
page-5.jpg,Losey,91,770,138,801,Text
page-5.jpg,chubby,143,770,203,801,Text
page-5.jpg,gignate,208,770,271,801,Text
page-5.jpg,unsacerdotal,276,770,387,795,Text
page-5.jpg,downdraught,392,770,503,801,Text
page-6.jpg,Amsterdamer,10,20,175,41,Text
page-6.jpg,rataplans,180,20,315,46,Text
page-6.jpg,legislating,320,20,485,46,Text
page-6.jpg,predetention,10,70,100,88,Text
page-6.jpg,weights,105,70,159,88,Text
page-6.jpg,oneiromancer,164,70,262,85,Text
page-6.jpg,Weaks,267,70,315,85,Text
page-6.jpg,Lyubertsy,320,70,389,88,Text
page-6.jpg,Bendix,394,70,442,85,Text
page-6.jpg,half-meant,10,120,112,140,Text
page-6.jpg,ocher,117,120,172,140,Text
page-6.jpg,enures,177,120,243,140,Text
page-6.jpg,unrepugnable,248,120,380,144,Text
page-6.jpg,single-caped,385,120,508,144,Text
page-6.jpg,undinted,10,170,106,187,Text
page-6.jpg,dispathy,111,170,207,191,Text
page-6.jpg,Gwinn,212,170,272,187,Text
page-6.jpg,uncircumscribed,277,170,457,187,Text
page-6.jpg,prospector's,10,220,174,254,Text
page-6.jpg,repunishable,179,220,354,254,Text
page-6.jpg,inurning,359,220,468,254,Text
page-6.jpg,yummy,10,270,56,293,Text
page-6.jpg,automatic,61,270,122,289,Text
page-6.jpg,white-flowing,127,270,213,293,Text
page-6.jpg,psychiasis,218,270,281,293,Text
page-6.jpg,turtledove,286,270,351,289,Text
page-6.jpg,Creedmoor,356,270,426,289,Text
page-6.jpg,Arcady,10,320,90,348,Text
page-6.jpg,Rattus,95,320,168,343,Text
page-6.jpg,glumpiest,173,320,282,348,Text
page-6.jpg,Semi-arian,287,320,409,343,Text
page-6.jpg,pinnatipartite,10,370,78,389,Text
page-6.jpg,truthfully,83,370,130,389,Text
page-6.jpg,electromagnetic,135,370,216,389,Text
page-6.jpg,rolling-pin,221,370,273,389,Text
page-6.jpg,blowsed,278,370,318,386,Text
page-6.jpg,semicabalistical,323,370,403,386,Text
page-6.jpg,skirtings,10,420,91,436,Text
page-6.jpg,whensoe'er,96,420,186,433,Text
page-6.jpg,alleyway,191,420,263,436,Text
page-6.jpg,sun-cure,268,420,340,433,Text
page-6.jpg,bicornate,345,420,426,433,Text
page-6.jpg,dumous,10,470,100,491,Text
page-6.jpg,Basie,105,470,180,491,Text
page-6.jpg,esteemable,185,470,335,491,Text
page-6.jpg,dimerous,340,470,460,491,Text
page-6.jpg,emerize,10,520,63,534,Text
page-6.jpg,Vanhornesville,68,520,164,534,Text
page-6.jpg,spor,169,520,199,537,Text
page-6.jpg,addoom,204,520,257,534,Text
page-6.jpg,Pasch,262,520,304,534,Text
page-6.jpg,craziest,309,520,362,534,Text
page-6.jpg,drepaniform,10,570,124,593,Text
page-6.jpg,hoolie,129,570,186,589,Text
page-6.jpg,woodyard,191,570,284,593,Text
page-6.jpg,Sterelmintha,289,570,408,589,Text
page-6.jpg,pyrrhotite,10,620,130,641,Text
page-6.jpg,scutta,135,620,207,637,Text
page-6.jpg,grindable,212,620,320,641,Text
page-6.jpg,unfluted,325,620,421,637,Text
page-6.jpg,reshipped,10,670,74,687,Text
page-6.jpg,syndactyly,79,670,150,687,Text
page-6.jpg,young-ladyship,155,670,254,687,Text
page-6.jpg,zoonomist,259,670,328,684,Text
page-6.jpg,MTM,333,670,368,684,Text
page-6.jpg,banjara,373,670,421,687,Text
page-6.jpg,ethnologic,10,720,109,743,Text
page-6.jpg,atelostomia,114,720,223,739,Text
page-6.jpg,toxolysis,228,720,309,743,Text
page-6.jpg,masscult,314,720,398,739,Text
page-6.jpg,Menoken,10,770,54,786,Text
page-6.jpg,deflater,59,770,99,786,Text
page-6.jpg,Thecophora,104,770,162,789,Text
page-6.jpg,dikelocephalid,167,770,237,789,Text
page-6.jpg,Salus,242,770,270,786,Text
page-6.jpg,provostship,275,770,332,789,Text
page-7.jpg,miotic,10,20,66,39,Text
page-7.jpg,panisca,71,20,142,43,Text
page-7.jpg,lotas,147,20,192,39,Text
page-7.jpg,stichoi,197,20,257,39,Text
page-7.jpg,becharming,262,20,373,43,Text
page-7.jpg,glaucine,378,20,457,43,Text
page-7.jpg,yocks,10,70,76,98,Text
page-7.jpg,nationalists,81,70,209,93,Text
page-7.jpg,precisely,214,70,315,98,Text
page-7.jpg,recognizant,320,70,451,98,Text
page-7.jpg,Livia,10,120,63,143,Text
page-7.jpg,subroutining,68,120,206,148,Text
page-7.jpg,bessemerized,211,120,369,143,Text
page-7.jpg,impenetrabilities,374,120,558,148,Text
page-7.jpg,advocatress,10,170,124,189,Text
page-7.jpg,moroseness,129,170,244,189,Text
page-7.jpg,Abelson,249,170,326,189,Text
page-7.jpg,prediscriminator,331,170,481,193,Text
page-7.jpg,phantasmagorian,10,220,115,232,Text
page-7.jpg,cymling,120,220,169,232,Text
page-7.jpg,traversal's,174,220,251,230,Text
page-7.jpg,dechloridation,256,220,354,230,Text
page-7.jpg,mislabeling,359,220,436,232,Text
page-7.jpg,Kinhwa,10,270,64,283,Text
page-7.jpg,ventromedial,69,270,177,283,Text
page-7.jpg,Eleutherozoa,182,270,290,283,Text
page-7.jpg,togues,295,270,349,286,Text
page-7.jpg,inscriptions,354,270,462,286,Text
page-7.jpg,flavanilin,10,320,66,339,Text
page-7.jpg,gypsoplast,71,320,140,343,Text
page-7.jpg,SETI,145,320,172,338,Text
page-7.jpg,raspberries,177,320,249,343,Text
page-7.jpg,Trimurti,254,320,305,339,Text
page-7.jpg,Tomkin,310,320,355,339,Text
page-7.jpg,phlebitic,10,370,62,393,Text
page-7.jpg,synchrony,67,370,132,393,Text
page-7.jpg,Christ-borne,137,370,218,389,Text
page-7.jpg,single-punch,223,370,305,393,Text
page-7.jpg,stony-hearted,310,370,400,393,Text
page-7.jpg,Lefty,10,420,36,433,Text
page-7.jpg,diaspine,41,420,88,433,Text
page-7.jpg,curtain,93,420,130,431,Text
page-7.jpg,graplins,135,420,179,433,Text
page-7.jpg,Helechawa,184,420,246,431,Text
page-7.jpg,distills,251,420,285,431,Text
page-7.jpg,Elvina,10,470,46,489,Text
page-7.jpg,reinducted,51,470,117,489,Text
page-7.jpg,uniformalize,122,470,200,489,Text
page-7.jpg,soybean,205,470,257,493,Text
page-7.jpg,insipience,262,470,322,493,Text
page-7.jpg,regent's,327,470,378,493,Text
page-7.jpg,isoimmunization,10,520,209,547,Text
page-7.jpg,simulioid,214,520,327,547,Text
page-7.jpg,antiphysicalness,332,520,527,553,Text
page-7.jpg,Cobdenite,10,570,115,593,Text
page-7.jpg,UWS,120,570,176,593,Text
page-7.jpg,entamebae,181,570,288,593,Text
page-7.jpg,swallet,293,570,364,593,Text
page-7.jpg,nymphine,369,570,471,598,Text
page-7.jpg,gynocardia,10,620,160,646,Text
page-7.jpg,gnathostome,165,620,330,646,Text
page-7.jpg,multisonant,335,620,500,641,Text
page-7.jpg,tremelloid,10,670,80,691,Text
page-7.jpg,tip-,85,670,109,695,Text
page-7.jpg,inofficiosity,114,670,194,695,Text
page-7.jpg,grumblingly,199,670,282,696,Text
page-7.jpg,tithonicity,287,670,354,695,Text
page-7.jpg,masticated,359,670,433,691,Text
page-7.jpg,unparceled,10,720,120,738,Text
page-7.jpg,tylotoxea,125,720,224,738,Text
page-7.jpg,thirst-tormented,229,720,405,735,Text
page-7.jpg,farawayness,10,770,62,785,Text
page-7.jpg,Ausones,67,770,102,783,Text
page-7.jpg,snollygoster,107,770,158,786,Text
page-7.jpg,bushbucks,163,770,205,783,Text
page-7.jpg,mediastino-pericardial,210,770,302,785,Text
page-7.jpg,flamencos,307,770,350,783,Text
page-8.jpg,Sino-mongol,10,20,121,43,Text
page-8.jpg,Longmire,126,20,209,43,Text
page-8.jpg,Laplandian,214,20,310,43,Text
page-8.jpg,tenebrose,315,20,404,39,Text
page-8.jpg,overbray,10,70,130,96,Text
page-8.jpg,sexualism,135,70,270,91,Text
page-8.jpg,Islamizing,275,70,425,96,Text
page-8.jpg,reseeing,10,120,70,141,Text
page-8.jpg,feminities,75,120,147,137,Text
page-8.jpg,tapaculos,152,120,220,141,Text
page-8.jpg,Irakis,225,120,266,137,Text
page-8.jpg,lemuroid,271,120,337,137,Text
page-8.jpg,OK,342,120,369,137,Text
page-8.jpg,throwback,10,170,70,182,Text
page-8.jpg,justifyingly,75,170,138,185,Text
page-8.jpg,Ankou,143,170,178,182,Text
page-8.jpg,foreguidance,183,170,257,185,Text
page-8.jpg,newsworthiness,262,170,353,182,Text
page-8.jpg,anthranoyl,358,170,419,185,Text
page-8.jpg,across-the-board,10,220,158,237,Text
page-8.jpg,repercussiveness,163,220,312,241,Text
page-8.jpg,Brazil,317,220,363,237,Text
page-8.jpg,anathema,368,220,454,237,Text
page-8.jpg,ensepulcher,10,270,109,286,Text
page-8.jpg,stuffed,114,270,177,283,Text
page-8.jpg,Atwekk,182,270,236,283,Text
page-8.jpg,njave,241,270,286,286,Text
page-8.jpg,stinty,291,270,345,286,Text
page-8.jpg,gavelet,350,270,413,286,Text
page-8.jpg,noctilucan,10,320,91,337,Text
page-8.jpg,valiancies,96,320,175,337,Text
page-8.jpg,somnolence,180,320,277,337,Text
page-8.jpg,nonfermentable,282,320,407,337,Text
page-8.jpg,Puiia,10,370,38,381,Text
page-8.jpg,oversanguineness,43,370,144,383,Text
page-8.jpg,petrolized,149,370,203,383,Text
page-8.jpg,reconfine,208,370,259,381,Text
page-8.jpg,tourbillion,264,370,318,381,Text
page-8.jpg,excitomotory,323,370,392,383,Text
page-8.jpg,Lambric,10,420,70,442,Text
page-8.jpg,musculocutaneous,75,420,219,442,Text
page-8.jpg,cylindering,224,420,307,447,Text
page-8.jpg,Targum,312,420,371,447,Text
page-8.jpg,Periphetes,376,420,457,447,Text
page-8.jpg,thought-sounding,10,470,165,495,Text
page-8.jpg,fumarates,170,470,257,490,Text
page-8.jpg,oysterlike,262,470,349,495,Text
page-8.jpg,saughy,354,470,417,495,Text
page-8.jpg,disinter,10,520,114,539,Text
page-8.jpg,plumbago,119,520,223,543,Text
page-8.jpg,navigabilities,228,520,410,543,Text
page-8.jpg,Jetersville,10,570,78,591,Text
page-8.jpg,wingspreads,83,570,168,596,Text
page-8.jpg,misoccupied,173,570,257,595,Text
page-8.jpg,astringencies,262,570,353,596,Text
page-8.jpg,reliquaries,358,570,432,595,Text
page-8.jpg,arrowlike,10,620,74,641,Text
page-8.jpg,warbler,79,620,132,641,Text
page-8.jpg,Lorient,137,620,186,641,Text
page-8.jpg,unplutocratically,191,620,305,645,Text
page-8.jpg,misunderstoodness,310,620,443,641,Text
page-8.jpg,portress,10,670,82,686,Text
page-8.jpg,dorse,87,670,132,683,Text
page-8.jpg,aminoplastic,137,670,245,686,Text
page-8.jpg,roentgenize,250,670,349,686,Text
page-8.jpg,premetallic,354,670,453,686,Text
page-8.jpg,superfamily,10,720,102,741,Text
page-8.jpg,dactylotheca,107,720,208,741,Text
page-8.jpg,mails,213,720,255,737,Text
page-8.jpg,superindulgently,260,720,391,741,Text
page-8.jpg,sprues,396,720,450,741,Text
page-8.jpg,nonsensibility,10,770,108,782,Text
page-8.jpg,stripeless,113,770,183,782,Text
page-8.jpg,unexpecting,188,770,265,782,Text
page-8.jpg,repulsion,270,770,333,782,Text
page-8.jpg,Kiangwan,338,770,394,782,Text
page-8.jpg,frowardness,399,770,476,780,Text
page-9.jpg,cockatiel,10,20,145,41,Text
page-9.jpg,ill-bested,150,20,300,41,Text
page-9.jpg,maffick,305,20,410,41,Text
page-9.jpg,commoigne,10,70,65,84,Text
page-9.jpg,bedolt,70,70,101,81,Text
page-9.jpg,nematoidean,106,70,165,81,Text
page-9.jpg,Burdelle,170,70,210,81,Text
page-9.jpg,desertlessly,215,70,270,84,Text
page-9.jpg,rumkin,275,70,309,81,Text
page-9.jpg,flavobacteria,10,120,153,135,Text
page-9.jpg,reparably,158,120,257,138,Text
page-9.jpg,depredation,262,120,383,138,Text
page-9.jpg,freakery,388,120,476,138,Text
page-9.jpg,disrest,10,170,68,195,Text
page-9.jpg,bowge,73,170,126,201,Text
page-9.jpg,father-lasher,131,170,247,195,Text
page-9.jpg,undertenant,252,170,358,195,Text
page-9.jpg,bear-tree,363,170,445,195,Text
page-9.jpg,BBC,10,220,27,233,Text
page-9.jpg,predischarge,32,220,85,236,Text
page-9.jpg,refracting,90,220,130,236,Text
page-9.jpg,geometers,135,220,180,236,Text
page-9.jpg,Meers,185,220,211,233,Text
page-9.jpg,nonbromidic,216,220,266,233,Text
page-9.jpg,magnanimities,10,270,206,304,Text
page-9.jpg,Ulidia,211,270,288,298,Text
page-9.jpg,contangential,293,270,474,304,Text
page-9.jpg,Jamie,10,320,37,331,Text
page-9.jpg,Theseus,42,320,81,331,Text
page-9.jpg,irrepealably,86,320,141,334,Text
page-9.jpg,car-replacing,146,320,207,334,Text
page-9.jpg,headachiest,212,320,267,331,Text
page-9.jpg,pressings,272,320,318,334,Text
page-9.jpg,nonaffectation,10,370,210,400,Text
page-9.jpg,rhodic,215,370,303,400,Text
page-9.jpg,dogtrot,308,370,413,406,Text
page-9.jpg,unfringed,10,420,70,437,Text
page-9.jpg,histoid,75,420,117,434,Text
page-9.jpg,Marceline,122,420,186,434,Text
page-9.jpg,niggardliness,191,420,277,437,Text
page-9.jpg,Peever,282,420,330,434,Text
page-9.jpg,personize,335,420,399,437,Text
page-9.jpg,semiorthodox,10,470,153,500,Text
page-9.jpg,rain-gutted,158,470,276,507,Text
page-9.jpg,spinning-wheel,281,470,438,507,Text
page-9.jpg,citrated,10,520,99,547,Text
page-9.jpg,cavern's,104,520,200,547,Text
page-9.jpg,mimickers,205,520,330,547,Text
page-9.jpg,double-engined,335,520,521,553,Text
page-9.jpg,superpolymer,10,570,154,591,Text
page-9.jpg,BC,159,570,183,587,Text
page-9.jpg,Garrisonville,188,570,344,587,Text
page-9.jpg,ingravidate,349,570,481,591,Text
page-9.jpg,uncapacitate,10,620,121,645,Text
page-9.jpg,quinque-angle,126,620,252,645,Text
page-9.jpg,mesons,257,620,324,640,Text
page-9.jpg,remarkably,329,620,429,645,Text
page-9.jpg,sulphadiazine,10,670,150,707,Text
page-9.jpg,Igbos,155,670,211,707,Text
page-9.jpg,Dasypeltis,216,670,319,707,Text
page-9.jpg,alteration's,324,670,439,700,Text
page-9.jpg,footie,10,720,59,737,Text
page-9.jpg,Sacks,64,720,114,737,Text
page-9.jpg,Abbyville,119,720,198,741,Text
page-9.jpg,bedrenches,203,720,305,737,Text
page-9.jpg,preascertains,310,720,424,741,Text
page-9.jpg,goose-stepped,10,770,165,807,Text
page-9.jpg,chewbark,170,770,266,800,Text
page-9.jpg,five-chambered,271,770,435,800,Text
